{
    "prepare_queue": {
        "installed": [],
        "uninstalled": []
    },
    "config_munge": {
        "files": {
            "res/xml/config.xml": {
                "parents": {
                    "/*": [
                        {
                            "xml": "<feature name=\"Whitelist\"><param name=\"android-package\" value=\"org.apache.cordova.whitelist.WhitelistPlugin\" /><param name=\"onload\" value=\"true\" /></feature>",
                            "count": 1
                        },
                        {
                            "xml": "<feature name=\"AppTracker\"><param name=\"android-package\" value=\"com.apptracker.android.phonegap.AppTrackerPlugin\" /></feature>",
                            "count": 1
                        }
                    ]
                }
            },
            "AndroidManifest.xml": {
                "parents": {
                    "/*": [
                        {
                            "xml": "<uses-permission android:name=\"android.permission.INTERNET\" />",
                            "count": 1
                        },
                        {
                            "xml": "<uses-permission android:name=\"android.permission.ACCESS_NETWORK_STATE\" />",
                            "count": 1
                        }
                    ],
                    "/manifest/application": [
                        {
                            "xml": "<activity android:configChanges=\"keyboard|keyboardHidden|orientation|screenSize\" android:hardwareAccelerated=\"false\" android:name=\"com.apptracker.android.module.AppModuleActivity\" android:theme=\"@android:style/Theme.Translucent\" />",
                            "count": 1
                        }
                    ]
                }
            }
        }
    },
    "installed_plugins": {
        "cordova-plugin-whitelist": {
            "PACKAGE_NAME": "com.leadbolt.cordovasample"
        },
        "com.apptracker.phonegap.android": {
            "PACKAGE_NAME": "com.leadbolt.cordovasample"
        }
    },
    "dependent_plugins": {},
    "modules": [
        {
            "file": "plugins/cordova-plugin-whitelist/whitelist.js",
            "id": "cordova-plugin-whitelist.whitelist",
            "pluginId": "cordova-plugin-whitelist",
            "runs": true
        },
        {
            "file": "plugins/com.apptracker.phonegap.android/www/AppTracker.js",
            "id": "com.apptracker.phonegap.android.AppTracker",
            "pluginId": "com.apptracker.phonegap.android",
            "clobbers": [
                "AppTracker"
            ]
        }
    ],
    "plugin_metadata": {
        "cordova-plugin-whitelist": "1.2.0",
        "com.apptracker.phonegap.android": "0.0.1"
    }
}